                  epoch,         train/box_loss,         train/cls_loss,         train/dfl_loss,   metrics/precision(B),      metrics/recall(B),       metrics/mAP50(B),    metrics/mAP50-95(B),           val/box_loss,           val/cls_loss,           val/dfl_loss,                 lr/pg0,                 lr/pg1,                 lr/pg2
                      1,                 3.3237,                 3.7028,                 4.2352,                0.00274,                0.59036,                 0.0147,                0.00438,                 3.8757,                 4.0323,                   4.15,                 0.0004,                 0.0004,                 0.0004
                      2,                 3.3135,                 3.5945,                 4.1064,                0.00263,                0.57831,                0.02137,                 0.0051,                 3.7471,                 3.8821,                  4.072,             0.00065764,             0.00065764,             0.00065764
                      3,                  3.226,                  3.541,                 3.9542,                0.00261,                0.59036,                0.01869,                0.00561,                 3.7324,                 3.7971,                 4.0492,             0.00074896,             0.00074896,             0.00074896
                      4,                 3.1171,                 3.4505,                 3.8101,                0.00262,                0.59036,                0.01129,                 0.0035,                 3.9263,                 3.8109,                 4.1967,             0.00067396,             0.00067396,             0.00067396
                      5,                 3.0328,                 3.4506,                 3.6837,                0.00262,                0.55422,                0.01311,                0.00471,                 3.7672,                 3.6421,                 4.0802,               0.000416,               0.000416,               0.000416
